performance_agent_0_dvbuhwxhjprurvd,password
performance_agent_0_hrxqsylswyfruzr,password
performance_agent_0_kfilywkjjfklgmp,password
performance_agent_0_khibmqoaxcvwbit,password
performance_agent_0_kzprkmzoxreohsn,password
performance_agent_0_mcwlpgioutaekiv,password
performance_agent_0_mrfabvcvifjaauf,password
performance_agent_0_panvaogvqpbrbcz,password
performance_agent_0_txuncrsdxqltavq,password
performance_agent_0_yhhjwjyhgnorplc,password
performance_agent_bxaojrentj,password
performance_agent_cwvogpyfnq,password
performance_agent_dfskzmjpse,password
performance_agent_dqeawqglef,password
performance_agent_dzfddiwwct,password
performance_agent_dzibkkccau,password
performance_agent_focdchfbgi,password
performance_agent_fqrdvkphjw,password
performance_agent_fqrvswlqoq,password
performance_agent_gfvarujkco,password
performance_agent_hfnjlonelh,password
performance_agent_ienfadrsdb,password
performance_agent_jtfwgtbepx,password
performance_agent_jtrizzoimm,password
performance_agent_kaqaxmagis,password
performance_agent_kdkxuwrtxw,password
performance_agent_kgphbrnqti,password
performance_agent_maxnapgoid,password
performance_agent_mbbwvotmgb,password
performance_agent_ogvettdtjl,password
performance_agent_ogwdwtmgjt,password
performance_agent_orlbnzsbup,password
performance_agent_pbbijyzizh,password
performance_agent_phnrobkxjs,password
performance_agent_pjxxkhufyp,password
performance_agent_qjzylaftxu,password
performance_agent_rpieutpmps,password
performance_agent_tfbfazfpwf,password
performance_agent_tqdxqdnnld,password
performance_agent_vbsxhfycec,password
performance_agent_vezconiamy,password
performance_agent_vfsfwuhooy,password
performance_agent_vhvxvedksj,password
performance_agent_wdtjmyzdix,password
performance_agent_wuykzmdesm,password
performance_agent_xuuprzhuut,password
performance_agent_ylknnyydzc,password
performance_agent_ypaivwmxoo,password
performance_agent_zbblivcdsj,password
performance_agent_zfkytcyuys,password
