performance_customer_0_cbhkukoedazomkq,password,19,12147,FGQZNCPTAM-50,14,10389,YLRJFJNSTI-9,15,10789,FEJAEACGNK-63,5,10095,FLGIRIFDJK-4,13,10714,GWQOXIKWOB-43,18,11106,NVHWRTULAO-62,4,11529,GVILCIHTQQ-34,15,10880,FEJAEACGNK-69,16,12692,FVPEIBOEVZ-164,16,11245,FVPEIBOEVZ-66,15,12132,FEJAEACGNK-179,6,11416,RYFBOSJVII-89,13,11271,GWQOXIKWOB-85,12,11625,LMFJSSEKFH-93,10,11463,XHGNTUJHDN-81,2,10066,DUUCQKNGKL-16,20,12877,AWS-92,19,11673,FGQZNCPTAM-41,15,10073,FEJAEACGNK-4,9,12766,RCNUDTSVYT-138,11,10025,CAOERVMVED-9,12,11838,LMFJSSEKFH-103,19,12404,FGQZNCPTAM-57,16,11968,FVPEIBOEVZ-113,17,11699,UXEECVOZWA-78,11,10021,CAOERVMVED-5,12,12597,LMFJSSEKFH-156,15,12696,FEJAEACGNK-217,14,11923,YLRJFJNSTI-103,8,10107,ZDNDMKMUUE-2,2,10060,DUUCQKNGKL-10,16,12462,FVPEIBOEVZ-156,4,12711,GVILCIHTQQ-51,19,10729,FGQZNCPTAM-14,15,10565,FEJAEACGNK-36,15,11640,FEJAEACGNK-139,16,10377,FVPEIBOEVZ-8,10,11281,XHGNTUJHDN-73,20,12904,AWS-95,19,11347,FGQZNCPTAM-31,14,12373,YLRJFJNSTI-139,19,12634,FGQZNCPTAM-59,18,12121,NVHWRTULAO-133,11,10034,CAOERVMVED-18,15,10872,FEJAEACGNK-68,10,11477,XHGNTUJHDN-82,19,10089,FGQZNCPTAM-2,8,12833,ZDNDMKMUUE-180,11,12106,CAOERVMVED-231,17,11132,UXEECVOZWA-44
performance_customer_0_cppsylbbfgxhrvc,password,9,11228,RCNUDTSVYT-47,20,12962,AWS-99,16,10921,FVPEIBOEVZ-40,6,11093,RYFBOSJVII-63,16,10387,FVPEIBOEVZ-9,15,11139,FEJAEACGNK-95,10,12589,XHGNTUJHDN-147,18,11809,NVHWRTULAO-112,10,11066,XHGNTUJHDN-59,5,11918,FLGIRIFDJK-42,10,10354,XHGNTUJHDN-5,13,12937,GWQOXIKWOB-199,17,12591,UXEECVOZWA-124,12,12045,LMFJSSEKFH-118,2,10052,DUUCQKNGKL-2,15,10973,FEJAEACGNK-80,18,12849,NVHWRTULAO-169,18,11429,NVHWRTULAO-87,3,10085,FGBVIZYSUD-2,8,12167,ZDNDMKMUUE-136,17,12201,UXEECVOZWA-101,14,10106,YLRJFJNSTI-2,14,12469,YLRJFJNSTI-148,20,12460,AWS-2,11,12788,CAOERVMVED-284,13,12179,GWQOXIKWOB-156,14,12250,YLRJFJNSTI-125,13,12606,GWQOXIKWOB-181,19,11869,FGQZNCPTAM-44,10,12265,XHGNTUJHDN-130,4,11560,GVILCIHTQQ-36,15,11007,FEJAEACGNK-82,2,10060,DUUCQKNGKL-10,12,12860,LMFJSSEKFH-170,10,12888,XHGNTUJHDN-164,16,11526,FVPEIBOEVZ-81,10,11608,XHGNTUJHDN-91,8,11698,ZDNDMKMUUE-101,12,10339,LMFJSSEKFH-5,6,10995,RYFBOSJVII-53,12,10981,LMFJSSEKFH-43,2,10068,DUUCQKNGKL-18,16,12864,FVPEIBOEVZ-173,18,11391,NVHWRTULAO-84,14,11287,YLRJFJNSTI-63,12,11474,LMFJSSEKFH-78,17,11955,UXEECVOZWA-93,9,10102,RCNUDTSVYT-2,9,12594,RCNUDTSVYT-124,3,11859,FGBVIZYSUD-41
performance_customer_0_eajzbteztmiwveq,password,5,10094,FLGIRIFDJK-3,11,12782,CAOERVMVED-283,19,10092,FGQZNCPTAM-5,16,12709,FVPEIBOEVZ-165,2,10065,DUUCQKNGKL-15,2,10060,DUUCQKNGKL-10,13,11525,GWQOXIKWOB-109,16,12855,FVPEIBOEVZ-172,16,11364,FVPEIBOEVZ-78,12,11559,LMFJSSEKFH-85,5,10095,FLGIRIFDJK-4,11,10051,CAOERVMVED-35,8,12768,ZDNDMKMUUE-169,11,10043,CAOERVMVED-27,13,11301,GWQOXIKWOB-87,15,10071,FEJAEACGNK-2,6,11178,RYFBOSJVII-70,2,10052,DUUCQKNGKL-2,14,10106,YLRJFJNSTI-2,11,10038,CAOERVMVED-22,13,11770,GWQOXIKWOB-125,11,11894,CAOERVMVED-202,16,12725,FVPEIBOEVZ-166,19,12836,FGQZNCPTAM-65,17,11274,UXEECVOZWA-52,17,12252,UXEECVOZWA-104,13,11906,GWQOXIKWOB-137,17,10905,UXEECVOZWA-37,11,12335,CAOERVMVED-259,18,10302,NVHWRTULAO-3,12,12092,LMFJSSEKFH-121,12,10100,LMFJSSEKFH-2,3,12751,FGBVIZYSUD-59,11,11537,CAOERVMVED-161,10,12100,XHGNTUJHDN-116,16,12430,FVPEIBOEVZ-154,15,12312,FEJAEACGNK-189,14,12504,YLRJFJNSTI-150,2,10066,DUUCQKNGKL-16,10,12162,XHGNTUJHDN-123,11,10037,CAOERVMVED-21,11,12145,CAOERVMVED-235,11,10848,CAOERVMVED-100,18,11153,NVHWRTULAO-68,18,12517,NVHWRTULAO-157,17,12752,UXEECVOZWA-136,10,12639,XHGNTUJHDN-152,2,11732,DUUCQKNGKL-91,2,11211,DUUCQKNGKL-66,18,12495,NVHWRTULAO-155
performance_customer_0_eexaogmqvsjdgqx,password,15,12216,FEJAEACGNK-183,8,12621,ZDNDMKMUUE-157,18,10391,NVHWRTULAO-11,13,11878,GWQOXIKWOB-133,9,11098,RCNUDTSVYT-40,12,12966,LMFJSSEKFH-177,15,10588,FEJAEACGNK-39,11,10037,CAOERVMVED-21,11,12778,CAOERVMVED-282,12,12592,LMFJSSEKFH-155,14,11728,YLRJFJNSTI-91,8,11536,ZDNDMKMUUE-94,12,12843,LMFJSSEKFH-168,15,12119,FEJAEACGNK-178,15,11058,FEJAEACGNK-88,11,12609,CAOERVMVED-271,13,12149,GWQOXIKWOB-155,9,11311,RCNUDTSVYT-50,18,10842,NVHWRTULAO-37,15,10927,FEJAEACGNK-76,9,10851,RCNUDTSVYT-30,11,10743,CAOERVMVED-88,15,12065,FEJAEACGNK-175,6,10331,RYFBOSJVII-6,5,10093,FLGIRIFDJK-2,8,12805,ZDNDMKMUUE-173,14,12724,YLRJFJNSTI-158,18,10303,NVHWRTULAO-4,15,11027,FEJAEACGNK-85,10,10968,XHGNTUJHDN-54,11,11866,CAOERVMVED-198,11,10031,CAOERVMVED-15,8,11701,ZDNDMKMUUE-102,15,12763,FEJAEACGNK-225,12,11382,LMFJSSEKFH-73,11,10370,CAOERVMVED-40,16,11161,FVPEIBOEVZ-59,15,10081,FEJAEACGNK-12,11,10019,CAOERVMVED-3,14,10840,YLRJFJNSTI-32,15,11896,FEJAEACGNK-161,14,11251,YLRJFJNSTI-60,2,10068,DUUCQKNGKL-18,10,10105,XHGNTUJHDN-2,12,12262,LMFJSSEKFH-133,8,11367,ZDNDMKMUUE-78,15,11741,FEJAEACGNK-147,8,11691,ZDNDMKMUUE-99,2,11806,DUUCQKNGKL-98,10,10769,XHGNTUJHDN-38
performance_customer_0_emexwegvhjakkdd,password,18,11668,NVHWRTULAO-104,9,11604,RCNUDTSVYT-69,2,10054,DUUCQKNGKL-4,15,12319,FEJAEACGNK-190,20,12655,AWS-72,10,10404,XHGNTUJHDN-8,10,12588,XHGNTUJHDN-146,14,11186,YLRJFJNSTI-53,2,11200,DUUCQKNGKL-65,9,12352,RCNUDTSVYT-112,17,12714,UXEECVOZWA-133,9,12934,RCNUDTSVYT-146,3,10085,FGBVIZYSUD-2,12,11470,LMFJSSEKFH-76,19,12705,FGQZNCPTAM-62,11,10019,CAOERVMVED-3,9,11530,RCNUDTSVYT-61,15,11384,FEJAEACGNK-117,16,10791,FVPEIBOEVZ-29,13,10827,GWQOXIKWOB-55,2,10052,DUUCQKNGKL-2,6,11246,RYFBOSJVII-75,2,12851,DUUCQKNGKL-138,19,10817,FGQZNCPTAM-15,18,10303,NVHWRTULAO-4,9,12646,RCNUDTSVYT-129,19,10843,FGQZNCPTAM-17,10,12208,XHGNTUJHDN-126,18,11595,NVHWRTULAO-101,17,12834,UXEECVOZWA-142,15,12418,FEJAEACGNK-198,11,11504,CAOERVMVED-158,18,12025,NVHWRTULAO-126,11,10027,CAOERVMVED-11,18,11863,NVHWRTULAO-117,5,11678,FLGIRIFDJK-35,2,10065,DUUCQKNGKL-15,17,10678,UXEECVOZWA-24,6,12425,RYFBOSJVII-159,4,10618,GVILCIHTQQ-14,11,10036,CAOERVMVED-20,16,11776,FVPEIBOEVZ-99,10,10354,XHGNTUJHDN-5,2,10068,DUUCQKNGKL-18,18,11620,NVHWRTULAO-103,2,10069,DUUCQKNGKL-19,11,12684,CAOERVMVED-278,4,11074,GVILCIHTQQ-23,2,10062,DUUCQKNGKL-13,19,12171,FGQZNCPTAM-51
performance_customer_0_esrarvrpgvfzzyo,password,8,12648,ZDNDMKMUUE-158,5,11551,FLGIRIFDJK-32,18,11144,NVHWRTULAO-67,3,11689,FGBVIZYSUD-36,13,12449,GWQOXIKWOB-176,13,12293,GWQOXIKWOB-165,12,12289,LMFJSSEKFH-137,6,11061,RYFBOSJVII-59,2,10066,DUUCQKNGKL-16,6,11357,RYFBOSJVII-83,12,10576,LMFJSSEKFH-22,2,10062,DUUCQKNGKL-13,14,11995,YLRJFJNSTI-109,11,10033,CAOERVMVED-17,14,10343,YLRJFJNSTI-4,13,10886,GWQOXIKWOB-58,18,10939,NVHWRTULAO-46,11,10037,CAOERVMVED-21,8,10663,ZDNDMKMUUE-29,20,12698,AWS-75,2,10065,DUUCQKNGKL-15,16,12133,FVPEIBOEVZ-129,11,10972,CAOERVMVED-118,11,11946,CAOERVMVED-209,2,12382,DUUCQKNGKL-121,10,11796,XHGNTUJHDN-101,11,10027,CAOERVMVED-11,11,10950,CAOERVMVED-116,17,12513,UXEECVOZWA-121,2,11121,DUUCQKNGKL-61,11,12203,CAOERVMVED-240,11,10051,CAOERVMVED-35,2,10069,DUUCQKNGKL-19,14,10715,YLRJFJNSTI-28,11,10042,CAOERVMVED-26,8,12197,ZDNDMKMUUE-138,17,11566,UXEECVOZWA-68,6,10946,RYFBOSJVII-45,12,11785,LMFJSSEKFH-101,17,11222,UXEECVOZWA-49,10,11110,XHGNTUJHDN-60,19,10091,FGQZNCPTAM-4,2,12211,DUUCQKNGKL-115,6,11746,RYFBOSJVII-108,2,11449,DUUCQKNGKL-81,8,10816,ZDNDMKMUUE-38,9,11759,RCNUDTSVYT-80,11,10021,CAOERVMVED-5,10,11629,XHGNTUJHDN-93,16,12461,FVPEIBOEVZ-155
performance_customer_0_guzokzlyfuhseyz,password,17,12841,UXEECVOZWA-143,11,10019,CAOERVMVED-3,20,12783,AWS-83,12,12057,LMFJSSEKFH-119,4,11217,GVILCIHTQQ-26,19,10092,FGQZNCPTAM-5,17,12959,UXEECVOZWA-149,19,11651,FGQZNCPTAM-40,6,11725,RYFBOSJVII-107,2,10055,DUUCQKNGKL-5,6,10385,RYFBOSJVII-10,18,10101,NVHWRTULAO-2,11,11501,CAOERVMVED-157,16,10369,FVPEIBOEVZ-7,12,11591,LMFJSSEKFH-88,18,11758,NVHWRTULAO-110,8,10107,ZDNDMKMUUE-2,9,12483,RCNUDTSVYT-123,2,11097,DUUCQKNGKL-60,13,10338,GWQOXIKWOB-8,6,11307,RYFBOSJVII-79,3,11094,FGBVIZYSUD-22,16,12084,FVPEIBOEVZ-123,8,11191,ZDNDMKMUUE-66,6,11034,RYFBOSJVII-57,16,12094,FVPEIBOEVZ-124,16,11876,FVPEIBOEVZ-107,15,11341,FEJAEACGNK-111,17,10306,UXEECVOZWA-3,15,12946,FEJAEACGNK-238,20,12965,AWS-100,19,12372,FGQZNCPTAM-56,6,10875,RYFBOSJVII-41,6,12022,RYFBOSJVII-128,12,12045,LMFJSSEKFH-118,13,10908,GWQOXIKWOB-61,18,12340,NVHWRTULAO-144,2,10764,DUUCQKNGKL-43,14,10871,YLRJFJNSTI-36,2,10059,DUUCQKNGKL-9,5,10093,FLGIRIFDJK-2,12,12649,LMFJSSEKFH-158,15,12726,FEJAEACGNK-219,13,11465,GWQOXIKWOB-103,11,11721,CAOERVMVED-183,8,11714,ZDNDMKMUUE-103,16,11378,FVPEIBOEVZ-79,11,10624,CAOERVMVED-78,20,12681,AWS-74,11,10047,CAOERVMVED-31
performance_customer_0_hgeofkfzlqffmwo,password,20,12668,AWS-73,14,12412,YLRJFJNSTI-142,8,12402,ZDNDMKMUUE-148,11,10021,CAOERVMVED-5,9,12786,RCNUDTSVYT-139,17,11145,UXEECVOZWA-45,3,10085,FGBVIZYSUD-2,4,11522,GVILCIHTQQ-33,17,10332,UXEECVOZWA-6,9,12253,RCNUDTSVYT-104,6,11772,RYFBOSJVII-112,14,12868,YLRJFJNSTI-165,11,12130,CAOERVMVED-233,15,12893,FEJAEACGNK-235,19,11489,FGQZNCPTAM-35,17,11205,UXEECVOZWA-48,12,11880,LMFJSSEKFH-108,13,10099,GWQOXIKWOB-2,2,10064,DUUCQKNGKL-14,8,11846,ZDNDMKMUUE-111,6,11067,RYFBOSJVII-60,15,12947,FEJAEACGNK-239,15,10071,FEJAEACGNK-2,8,12475,ZDNDMKMUUE-152,15,11575,FEJAEACGNK-134,10,10906,XHGNTUJHDN-51,19,10709,FGQZNCPTAM-13,11,10034,CAOERVMVED-18,15,12175,FEJAEACGNK-181,8,12939,ZDNDMKMUUE-185,18,11452,NVHWRTULAO-88,12,11238,LMFJSSEKFH-60,4,11467,GVILCIHTQQ-32,15,10072,FEJAEACGNK-3,13,11854,GWQOXIKWOB-130,18,11388,NVHWRTULAO-83,8,12227,ZDNDMKMUUE-140,11,11011,CAOERVMVED-119,11,11767,CAOERVMVED-189,13,11078,GWQOXIKWOB-71,13,12431,GWQOXIKWOB-174,13,11104,GWQOXIKWOB-72,19,11019,FGQZNCPTAM-22,17,11414,UXEECVOZWA-61,17,11805,UXEECVOZWA-85,9,11302,RCNUDTSVYT-49,14,10675,YLRJFJNSTI-25,11,10025,CAOERVMVED-9,12,11478,LMFJSSEKFH-79,16,12200,FVPEIBOEVZ-138
performance_customer_0_hscsqwpzikkffad,password,15,10317,FEJAEACGNK-18,6,12214,RYFBOSJVII-143,11,10027,CAOERVMVED-11,15,11365,FEJAEACGNK-113,11,11681,CAOERVMVED-179,13,11499,GWQOXIKWOB-107,13,12927,GWQOXIKWOB-198,10,12452,XHGNTUJHDN-141,6,10460,RYFBOSJVII-15,12,11756,LMFJSSEKFH-99,5,11315,FLGIRIFDJK-27,14,10943,YLRJFJNSTI-42,11,10340,CAOERVMVED-39,16,11189,FVPEIBOEVZ-62,14,11969,YLRJFJNSTI-108,11,12040,CAOERVMVED-224,8,11820,ZDNDMKMUUE-110,11,10024,CAOERVMVED-8,18,10633,NVHWRTULAO-27,17,10430,UXEECVOZWA-8,6,12713,RYFBOSJVII-179,10,12191,XHGNTUJHDN-125,12,10100,LMFJSSEKFH-2,5,10595,FLGIRIFDJK-12,11,10745,CAOERVMVED-90,2,10059,DUUCQKNGKL-9,14,12829,YLRJFJNSTI-163,11,12869,CAOERVMVED-289,6,10561,RYFBOSJVII-22,8,10329,ZDNDMKMUUE-7,11,10032,CAOERVMVED-16,4,12003,GVILCIHTQQ-43,8,11920,ZDNDMKMUUE-118,5,10094,FLGIRIFDJK-3,10,12421,XHGNTUJHDN-137,11,11980,CAOERVMVED-215,15,11836,FEJAEACGNK-155,11,10036,CAOERVMVED-20,15,10073,FEJAEACGNK-4,8,11816,ZDNDMKMUUE-109,14,10362,YLRJFJNSTI-7,15,12248,FEJAEACGNK-186,14,11853,YLRJFJNSTI-99,14,10772,YLRJFJNSTI-30,11,10042,CAOERVMVED-26,15,12803,FEJAEACGNK-228,10,10105,XHGNTUJHDN-2,15,12443,FEJAEACGNK-202,18,10381,NVHWRTULAO-10,5,10824,FLGIRIFDJK-15
performance_customer_0_iucfyoekbfbpdhh,password,11,10890,CAOERVMVED-107,17,11606,UXEECVOZWA-72,2,10434,DUUCQKNGKL-29,6,10915,RYFBOSJVII-42,2,10065,DUUCQKNGKL-15,4,12023,GVILCIHTQQ-44,10,12720,XHGNTUJHDN-156,17,11594,UXEECVOZWA-71,9,10378,RCNUDTSVYT-7,16,10377,FVPEIBOEVZ-8,2,12276,DUUCQKNGKL-118,8,11990,ZDNDMKMUUE-122,8,12678,ZDNDMKMUUE-161,6,12485,RYFBOSJVII-163,10,10721,XHGNTUJHDN-35,5,12777,FLGIRIFDJK-66,12,12663,LMFJSSEKFH-159,13,12347,GWQOXIKWOB-167,9,12173,RCNUDTSVYT-101,15,11225,FEJAEACGNK-101,6,12273,RYFBOSJVII-147,10,11665,XHGNTUJHDN-95,14,12608,YLRJFJNSTI-153,17,11278,UXEECVOZWA-53,6,11669,RYFBOSJVII-103,17,12410,UXEECVOZWA-110,8,10358,ZDNDMKMUUE-10,6,12708,RYFBOSJVII-178,11,10051,CAOERVMVED-35,9,11947,RCNUDTSVYT-89,3,10085,FGBVIZYSUD-2,16,11049,FVPEIBOEVZ-50,5,10095,FLGIRIFDJK-4,9,12764,RCNUDTSVYT-137,6,12049,RYFBOSJVII-131,11,10023,CAOERVMVED-7,2,10068,DUUCQKNGKL-18,18,11423,NVHWRTULAO-86,8,10852,ZDNDMKMUUE-42,3,10856,FGBVIZYSUD-18,8,11846,ZDNDMKMUUE-111,11,10031,CAOERVMVED-15,2,10053,DUUCQKNGKL-3,6,12473,RYFBOSJVII-162,16,10497,FVPEIBOEVZ-15,18,10481,NVHWRTULAO-18,8,12012,ZDNDMKMUUE-123,15,11262,FEJAEACGNK-104,16,12306,FVPEIBOEVZ-146,10,12729,XHGNTUJHDN-158
performance_customer_0_jhsjwzfwztwuwbi,password,6,11184,RYFBOSJVII-71,11,11949,CAOERVMVED-210,13,11925,GWQOXIKWOB-140,6,12713,RYFBOSJVII-179,16,11306,FVPEIBOEVZ-73,8,12827,ZDNDMKMUUE-177,15,10075,FEJAEACGNK-6,8,11343,ZDNDMKMUUE-73,10,12450,XHGNTUJHDN-139,10,11332,XHGNTUJHDN-74,12,10100,LMFJSSEKFH-2,15,11760,FEJAEACGNK-148,13,10099,GWQOXIKWOB-2,2,12193,DUUCQKNGKL-114,18,11310,NVHWRTULAO-76,6,12096,RYFBOSJVII-134,11,10021,CAOERVMVED-5,10,11235,XHGNTUJHDN-70,5,10094,FLGIRIFDJK-3,11,11661,CAOERVMVED-175,11,12817,CAOERVMVED-286,11,10023,CAOERVMVED-7,11,10042,CAOERVMVED-26,11,11615,CAOERVMVED-169,12,11048,LMFJSSEKFH-50,6,12687,RYFBOSJVII-173,8,11493,ZDNDMKMUUE-91,16,12182,FVPEIBOEVZ-134,11,10379,CAOERVMVED-41,10,10992,XHGNTUJHDN-56,16,12955,FVPEIBOEVZ-177,11,10036,CAOERVMVED-20,5,10958,FLGIRIFDJK-16,12,12160,LMFJSSEKFH-127,11,11588,CAOERVMVED-165,14,12397,YLRJFJNSTI-141,8,12723,ZDNDMKMUUE-165,8,11112,ZDNDMKMUUE-60,13,10738,GWQOXIKWOB-45,13,11459,GWQOXIKWOB-100,11,10891,CAOERVMVED-108,13,12690,GWQOXIKWOB-187,2,12060,DUUCQKNGKL-106,2,11138,DUUCQKNGKL-63,6,11209,RYFBOSJVII-72,12,11616,LMFJSSEKFH-92,15,10071,FEJAEACGNK-2,12,12672,LMFJSSEKFH-161,12,11813,LMFJSSEKFH-102,15,12374,FEJAEACGNK-194
performance_customer_0_jlnwnhiegaxhtuh,password,15,11320,FEJAEACGNK-109,14,11618,YLRJFJNSTI-84,9,11257,RCNUDTSVYT-48,12,12465,LMFJSSEKFH-149,11,10047,CAOERVMVED-31,15,12223,FEJAEACGNK-184,17,12436,UXEECVOZWA-112,11,10048,CAOERVMVED-32,8,11902,ZDNDMKMUUE-116,8,10838,ZDNDMKMUUE-41,15,12396,FEJAEACGNK-197,18,11860,NVHWRTULAO-116,18,10101,NVHWRTULAO-2,8,11481,ZDNDMKMUUE-90,15,10901,FEJAEACGNK-73,9,12169,RCNUDTSVYT-100,13,11122,GWQOXIKWOB-73,9,10102,RCNUDTSVYT-2,13,11182,GWQOXIKWOB-79,6,12185,RYFBOSJVII-142,11,11711,CAOERVMVED-181,9,11580,RCNUDTSVYT-66,11,12424,CAOERVMVED-266,12,11256,LMFJSSEKFH-63,10,10105,XHGNTUJHDN-2,2,10069,DUUCQKNGKL-19,12,12669,LMFJSSEKFH-160,11,11663,CAOERVMVED-176,14,12059,YLRJFJNSTI-115,8,12271,ZDNDMKMUUE-141,19,10092,FGQZNCPTAM-5,10,11443,XHGNTUJHDN-79,20,12828,AWS-88,8,11025,ZDNDMKMUUE-53,2,11043,DUUCQKNGKL-56,14,11432,YLRJFJNSTI-73,11,10042,CAOERVMVED-26,5,12118,FLGIRIFDJK-49,13,11887,GWQOXIKWOB-135,14,12415,YLRJFJNSTI-143,2,10053,DUUCQKNGKL-3,15,10073,FEJAEACGNK-4,13,11035,GWQOXIKWOB-69,6,10971,RYFBOSJVII-49,11,11916,CAOERVMVED-205,3,10087,FGBVIZYSUD-4,2,12211,DUUCQKNGKL-115,2,11264,DUUCQKNGKL-71,13,11208,GWQOXIKWOB-82,8,12386,ZDNDMKMUUE-147
performance_customer_0_jybvfwyggwfbdfc,password,15,11810,FEJAEACGNK-153,16,11116,FVPEIBOEVZ-55,2,10068,DUUCQKNGKL-18,10,11505,XHGNTUJHDN-86,16,11662,FVPEIBOEVZ-91,5,10093,FLGIRIFDJK-2,20,12756,AWS-80,11,10024,CAOERVMVED-8,13,11280,GWQOXIKWOB-86,14,12350,YLRJFJNSTI-137,19,12657,FGQZNCPTAM-60,15,10075,FEJAEACGNK-6,15,11490,FEJAEACGNK-128,14,10106,YLRJFJNSTI-2,11,11973,CAOERVMVED-213,14,12314,YLRJFJNSTI-134,2,10060,DUUCQKNGKL-10,11,12325,CAOERVMVED-255,2,10055,DUUCQKNGKL-5,14,12288,YLRJFJNSTI-130,14,12280,YLRJFJNSTI-128,3,11204,FGBVIZYSUD-25,10,12292,XHGNTUJHDN-132,2,10953,DUUCQKNGKL-53,13,10897,GWQOXIKWOB-59,3,12158,FGBVIZYSUD-47,6,11453,RYFBOSJVII-91,14,11117,YLRJFJNSTI-50,12,12765,LMFJSSEKFH-163,18,11554,NVHWRTULAO-99,14,11207,YLRJFJNSTI-56,19,10092,FGQZNCPTAM-5,19,10612,FGQZNCPTAM-12,11,12063,CAOERVMVED-226,2,12733,DUUCQKNGKL-130,2,12031,DUUCQKNGKL-105,9,11945,RCNUDTSVYT-88,2,10069,DUUCQKNGKL-19,14,12009,YLRJFJNSTI-111,11,10615,CAOERVMVED-76,8,11314,ZDNDMKMUUE-71,15,11934,FEJAEACGNK-165,6,12602,RYFBOSJVII-167,3,11553,FGBVIZYSUD-30,11,10019,CAOERVMVED-3,6,11908,RYFBOSJVII-120,11,10022,CAOERVMVED-6,16,12004,FVPEIBOEVZ-116,6,11109,RYFBOSJVII-64,10,10762,XHGNTUJHDN-37
performance_customer_0_keocyhlayhwttxd,password,18,11362,NVHWRTULAO-80,18,12640,NVHWRTULAO-162,17,12482,UXEECVOZWA-118,12,10829,LMFJSSEKFH-38,6,12689,RYFBOSJVII-174,8,10107,ZDNDMKMUUE-2,8,11691,ZDNDMKMUUE-99,15,10081,FEJAEACGNK-12,6,12700,RYFBOSJVII-176,12,10100,LMFJSSEKFH-2,10,11156,XHGNTUJHDN-63,11,10031,CAOERVMVED-15,18,12441,NVHWRTULAO-151,12,12338,LMFJSSEKFH-141,14,10894,YLRJFJNSTI-37,11,10024,CAOERVMVED-8,3,10087,FGBVIZYSUD-4,10,10382,XHGNTUJHDN-6,2,10054,DUUCQKNGKL-4,11,10615,CAOERVMVED-76,5,10093,FLGIRIFDJK-2,11,10025,CAOERVMVED-9,14,12153,YLRJFJNSTI-117,19,12184,FGQZNCPTAM-52,13,10626,GWQOXIKWOB-35,11,10944,CAOERVMVED-115,4,10419,GVILCIHTQQ-7,16,12116,FVPEIBOEVZ-127,19,10091,FGQZNCPTAM-4,11,10431,CAOERVMVED-51,12,12816,LMFJSSEKFH-166,18,11190,NVHWRTULAO-71,15,11538,FEJAEACGNK-131,11,12876,CAOERVMVED-290,11,10438,CAOERVMVED-55,10,12910,XHGNTUJHDN-165,12,10372,LMFJSSEKFH-7,14,10362,YLRJFJNSTI-7,18,12034,NVHWRTULAO-127,2,10053,DUUCQKNGKL-3,10,12434,XHGNTUJHDN-138,9,12740,RCNUDTSVYT-135,17,12603,UXEECVOZWA-126,19,12322,FGQZNCPTAM-55,11,12063,CAOERVMVED-226,19,10089,FGQZNCPTAM-2,5,12279,FLGIRIFDJK-57,17,11633,UXEECVOZWA-73,4,12082,GVILCIHTQQ-45,11,10042,CAOERVMVED-26
performance_customer_0_lcamidyyhrgpcgy,password,2,12742,DUUCQKNGKL-131,9,11718,RCNUDTSVYT-76,10,10105,XHGNTUJHDN-2,9,11495,RCNUDTSVYT-59,15,10322,FEJAEACGNK-19,11,10051,CAOERVMVED-35,18,11241,NVHWRTULAO-73,2,12744,DUUCQKNGKL-132,13,12088,GWQOXIKWOB-150,18,12062,NVHWRTULAO-128,14,10584,YLRJFJNSTI-17,10,10513,XHGNTUJHDN-17,15,11825,FEJAEACGNK-154,12,12774,LMFJSSEKFH-164,11,11942,CAOERVMVED-208,15,11283,FEJAEACGNK-106,9,12651,RCNUDTSVYT-130,16,10831,FVPEIBOEVZ-33,17,12969,UXEECVOZWA-150,12,11152,LMFJSSEKFH-55,13,10482,GWQOXIKWOB-22,9,10748,RCNUDTSVYT-26,18,12622,NVHWRTULAO-160,15,11126,FEJAEACGNK-92,11,10048,CAOERVMVED-32,14,12367,YLRJFJNSTI-138,11,10038,CAOERVMVED-22,16,12799,FVPEIBOEVZ-170,14,11167,YLRJFJNSTI-51,9,12398,RCNUDTSVYT-119,13,12961,GWQOXIKWOB-201,20,12470,AWS-3,8,12716,ZDNDMKMUUE-164,15,11484,FEJAEACGNK-127,15,12718,FEJAEACGNK-218,8,10342,ZDNDMKMUUE-9,11,11658,CAOERVMVED-174,16,12188,FVPEIBOEVZ-135,18,11354,NVHWRTULAO-79,18,10797,NVHWRTULAO-33,14,12178,YLRJFJNSTI-118,20,12848,AWS-89,12,10523,LMFJSSEKFH-19,6,12099,RYFBOSJVII-136,13,12054,GWQOXIKWOB-146,12,12669,LMFJSSEKFH-160,2,11249,DUUCQKNGKL-69,14,10464,YLRJFJNSTI-11,17,12066,UXEECVOZWA-94,9,10557,RCNUDTSVYT-16
performance_customer_0_mkvdbkfphayrxhb,password,18,12442,NVHWRTULAO-152,6,12755,RYFBOSJVII-184,14,12311,YLRJFJNSTI-133,8,12028,ZDNDMKMUUE-124,13,12061,GWQOXIKWOB-147,9,11520,RCNUDTSVYT-60,14,11938,YLRJFJNSTI-104,3,12307,FGBVIZYSUD-51,11,10034,CAOERVMVED-18,8,11714,ZDNDMKMUUE-103,11,10815,CAOERVMVED-99,13,10710,GWQOXIKWOB-40,15,11136,FEJAEACGNK-94,9,11670,RCNUDTSVYT-73,11,12210,CAOERVMVED-242,16,12176,FVPEIBOEVZ-133,10,11893,XHGNTUJHDN-105,13,10994,GWQOXIKWOB-66,10,11766,XHGNTUJHDN-99,10,10769,XHGNTUJHDN-38,11,10744,CAOERVMVED-89,16,10942,FVPEIBOEVZ-44,11,11361,CAOERVMVED-144,2,10830,DUUCQKNGKL-46,10,12800,XHGNTUJHDN-161,12,12471,LMFJSSEKFH-151,19,11198,FGQZNCPTAM-28,16,11172,FVPEIBOEVZ-60,14,12504,YLRJFJNSTI-150,11,11418,CAOERVMVED-152,14,11053,YLRJFJNSTI-47,16,12891,FVPEIBOEVZ-175,6,10979,RYFBOSJVII-51,9,12366,RCNUDTSVYT-114,11,10051,CAOERVMVED-35,14,11420,YLRJFJNSTI-71,10,10105,XHGNTUJHDN-2,11,11450,CAOERVMVED-154,6,11162,RYFBOSJVII-69,13,11461,GWQOXIKWOB-101,12,12282,LMFJSSEKFH-136,15,12882,FEJAEACGNK-233,9,11803,RCNUDTSVYT-83,8,11610,ZDNDMKMUUE-95,20,12804,AWS-84,11,10021,CAOERVMVED-5,15,12731,FEJAEACGNK-220,8,11288,ZDNDMKMUUE-69,16,11744,FVPEIBOEVZ-96,18,12333,NVHWRTULAO-143
performance_customer_0_mttuglnukstatvc,password,14,12220,YLRJFJNSTI-122,17,12309,UXEECVOZWA-107,13,11123,GWQOXIKWOB-74,12,11974,LMFJSSEKFH-113,13,12629,GWQOXIKWOB-183,2,10506,DUUCQKNGKL-33,6,12097,RYFBOSJVII-135,12,11664,LMFJSSEKFH-95,11,10023,CAOERVMVED-7,15,10071,FEJAEACGNK-2,15,11840,FEJAEACGNK-156,17,12272,UXEECVOZWA-106,11,12090,CAOERVMVED-230,18,10989,NVHWRTULAO-51,8,12785,ZDNDMKMUUE-171,6,11336,RYFBOSJVII-81,13,12375,GWQOXIKWOB-169,8,12710,ZDNDMKMUUE-163,3,10087,FGBVIZYSUD-4,12,10962,LMFJSSEKFH-40,10,10105,XHGNTUJHDN-2,2,10055,DUUCQKNGKL-5,13,12123,GWQOXIKWOB-153,11,11381,CAOERVMVED-147,11,10019,CAOERVMVED-3,2,10780,DUUCQKNGKL-44,15,10081,FEJAEACGNK-12,18,12523,NVHWRTULAO-158,13,12198,GWQOXIKWOB-158,5,12693,FLGIRIFDJK-65,13,10555,GWQOXIKWOB-28,16,10839,FVPEIBOEVZ-35,6,11052,RYFBOSJVII-58,11,10032,CAOERVMVED-16,13,12780,GWQOXIKWOB-191,14,10343,YLRJFJNSTI-4,11,11064,CAOERVMVED-124,8,10107,ZDNDMKMUUE-2,2,11619,DUUCQKNGKL-86,18,11370,NVHWRTULAO-81,13,10338,GWQOXIKWOB-8,2,11342,DUUCQKNGKL-77,9,11096,RCNUDTSVYT-39,4,12658,GVILCIHTQQ-49,11,10022,CAOERVMVED-6,10,11507,XHGNTUJHDN-87,11,10038,CAOERVMVED-22,15,10075,FEJAEACGNK-6,8,11652,ZDNDMKMUUE-97,17,12792,UXEECVOZWA-138
performance_customer_0_nnlyqyvupzpmxjm,password,18,10303,NVHWRTULAO-4,11,11514,CAOERVMVED-159,11,10876,CAOERVMVED-104,15,10495,FEJAEACGNK-30,18,11345,NVHWRTULAO-78,5,12267,FLGIRIFDJK-56,5,11468,FLGIRIFDJK-30,18,12784,NVHWRTULAO-167,16,11822,FVPEIBOEVZ-104,16,12048,FVPEIBOEVZ-119,8,12341,ZDNDMKMUUE-146,8,12446,ZDNDMKMUUE-150,6,11506,RYFBOSJVII-92,18,12901,NVHWRTULAO-173,8,11849,ZDNDMKMUUE-112,11,11589,CAOERVMVED-166,13,12650,GWQOXIKWOB-186,17,12155,UXEECVOZWA-99,13,12111,GWQOXIKWOB-152,6,12607,RYFBOSJVII-168,17,11406,UXEECVOZWA-60,13,12601,GWQOXIKWOB-180,13,11476,GWQOXIKWOB-105,17,10521,UXEECVOZWA-14,9,10860,RCNUDTSVYT-31,18,10580,NVHWRTULAO-23,18,10726,NVHWRTULAO-31,17,11570,UXEECVOZWA-69,11,10034,CAOERVMVED-18,11,10037,CAOERVMVED-21,9,11988,RCNUDTSVYT-93,17,10700,UXEECVOZWA-26,5,10699,FLGIRIFDJK-14,15,10081,FEJAEACGNK-12,8,10689,ZDNDMKMUUE-30,6,10448,RYFBOSJVII-14,8,10107,ZDNDMKMUUE-2,2,10053,DUUCQKNGKL-3,11,11913,CAOERVMVED-204,16,12414,FVPEIBOEVZ-152,6,10655,RYFBOSJVII-29,17,10505,UXEECVOZWA-13,3,10796,FGBVIZYSUD-17,19,10089,FGQZNCPTAM-2,5,10094,FLGIRIFDJK-3,17,11700,UXEECVOZWA-79,17,10767,UXEECVOZWA-31,15,10073,FEJAEACGNK-4,13,10784,GWQOXIKWOB-51,16,12738,FVPEIBOEVZ-167
performance_customer_0_qbxdoxhfownqpbr,password,18,10101,NVHWRTULAO-2,6,12423,RYFBOSJVII-158,19,10091,FGQZNCPTAM-4,11,10938,CAOERVMVED-114,18,11056,NVHWRTULAO-58,15,11897,FEJAEACGNK-162,11,10570,CAOERVMVED-72,19,11140,FGQZNCPTAM-26,14,10638,YLRJFJNSTI-21,12,12120,LMFJSSEKFH-125,11,10725,CAOERVMVED-85,10,12251,XHGNTUJHDN-129,11,10027,CAOERVMVED-11,15,12216,FEJAEACGNK-183,18,11613,NVHWRTULAO-102,2,12078,DUUCQKNGKL-107,15,10885,FEJAEACGNK-70,2,11773,DUUCQKNGKL-94,18,10911,NVHWRTULAO-43,10,11221,XHGNTUJHDN-68,2,10069,DUUCQKNGKL-19,11,10744,CAOERVMVED-89,9,10360,RCNUDTSVYT-6,11,10031,CAOERVMVED-15,10,10747,XHGNTUJHDN-36,15,11517,FEJAEACGNK-130,11,10042,CAOERVMVED-26,10,12757,XHGNTUJHDN-159,3,12020,FGBVIZYSUD-44,2,12241,DUUCQKNGKL-117,11,10026,CAOERVMVED-10,2,11921,DUUCQKNGKL-101,10,12510,XHGNTUJHDN-144,6,10490,RYFBOSJVII-18,11,10021,CAOERVMVED-5,2,10064,DUUCQKNGKL-14,11,11708,CAOERVMVED-180,11,10043,CAOERVMVED-27,15,12736,FEJAEACGNK-221,9,12852,RCNUDTSVYT-143,11,10023,CAOERVMVED-7,8,12154,ZDNDMKMUUE-133,9,12254,RCNUDTSVYT-105,11,12699,CAOERVMVED-280,15,10773,FEJAEACGNK-60,9,12613,RCNUDTSVYT-125,6,11030,RYFBOSJVII-56,12,11736,LMFJSSEKFH-98,16,12058,FVPEIBOEVZ-121,3,11405,FGBVIZYSUD-29
performance_customer_0_rskybhftlqmcosh,password,10,10649,XHGNTUJHDN-29,11,10558,CAOERVMVED-70,13,11404,GWQOXIKWOB-94,8,10794,ZDNDMKMUUE-36,12,10687,LMFJSSEKFH-28,12,11607,LMFJSSEKFH-91,9,11750,RCNUDTSVYT-79,11,10026,CAOERVMVED-10,11,12858,CAOERVMVED-288,17,10723,UXEECVOZWA-29,15,11586,FEJAEACGNK-136,18,11724,NVHWRTULAO-106,11,11901,CAOERVMVED-203,9,10746,RCNUDTSVYT-25,15,11549,FEJAEACGNK-133,6,12921,RYFBOSJVII-193,2,11449,DUUCQKNGKL-81,15,11944,FEJAEACGNK-167,4,11735,GVILCIHTQQ-40,18,11168,NVHWRTULAO-70,11,11600,CAOERVMVED-167,16,10536,FVPEIBOEVZ-18,12,11512,LMFJSSEKFH-80,11,12900,CAOERVMVED-292,11,12953,CAOERVMVED-301,10,12500,XHGNTUJHDN-143,10,12635,XHGNTUJHDN-150,11,10041,CAOERVMVED-25,2,11121,DUUCQKNGKL-61,15,10697,FEJAEACGNK-51,11,10022,CAOERVMVED-6,11,11851,CAOERVMVED-197,2,10055,DUUCQKNGKL-5,11,11528,CAOERVMVED-160,11,10045,CAOERVMVED-29,15,10081,FEJAEACGNK-12,10,11612,XHGNTUJHDN-92,11,11131,CAOERVMVED-129,16,10884,FVPEIBOEVZ-38,18,10720,NVHWRTULAO-30,11,10023,CAOERVMVED-7,9,10378,RCNUDTSVYT-7,13,11925,GWQOXIKWOB-140,6,12324,RYFBOSJVII-151,8,12826,ZDNDMKMUUE-176,14,11242,YLRJFJNSTI-58,14,10959,YLRJFJNSTI-43,12,10337,LMFJSSEKFH-4,8,11045,ZDNDMKMUUE-55,11,10525,CAOERVMVED-68
performance_customer_0_sabpbkeehwpjofu,password,2,12140,DUUCQKNGKL-111,6,12166,RYFBOSJVII-141,18,12151,NVHWRTULAO-134,18,11487,NVHWRTULAO-92,19,11296,FGQZNCPTAM-30,8,11778,ZDNDMKMUUE-106,12,10348,LMFJSSEKFH-6,12,11868,LMFJSSEKFH-106,15,12839,FEJAEACGNK-231,14,11316,YLRJFJNSTI-67,15,12917,FEJAEACGNK-237,18,12259,NVHWRTULAO-138,15,10071,FEJAEACGNK-2,8,11376,ZDNDMKMUUE-80,2,12129,DUUCQKNGKL-110,2,10062,DUUCQKNGKL-13,11,10848,CAOERVMVED-100,19,10092,FGQZNCPTAM-5,5,10093,FLGIRIFDJK-2,4,10969,GVILCIHTQQ-22,18,12411,NVHWRTULAO-150,6,11976,RYFBOSJVII-124,2,11353,DUUCQKNGKL-78,3,11558,FGBVIZYSUD-31,6,11237,RYFBOSJVII-74,11,10048,CAOERVMVED-32,19,12895,FGQZNCPTAM-67,11,11380,CAOERVMVED-146,19,10089,FGQZNCPTAM-2,13,10879,GWQOXIKWOB-57,11,10019,CAOERVMVED-3,11,10370,CAOERVMVED-40,11,11959,CAOERVMVED-212,11,12335,CAOERVMVED-259,8,12768,ZDNDMKMUUE-169,6,10965,RYFBOSJVII-48,15,10081,FEJAEACGNK-12,12,11599,LMFJSSEKFH-89,2,10957,DUUCQKNGKL-54,14,12931,YLRJFJNSTI-172,15,11174,FEJAEACGNK-97,11,10024,CAOERVMVED-8,15,11965,FEJAEACGNK-170,13,11203,GWQOXIKWOB-81,9,12002,RCNUDTSVYT-94,11,11882,CAOERVMVED-200,11,10031,CAOERVMVED-15,5,10095,FLGIRIFDJK-4,17,12686,UXEECVOZWA-129,11,12308,CAOERVMVED-253
performance_customer_0_tpoovwxkirirtbx,password,6,11005,RYFBOSJVII-54,3,12717,FGBVIZYSUD-58,2,10907,DUUCQKNGKL-49,11,12928,CAOERVMVED-298,16,11765,FVPEIBOEVZ-98,13,11975,GWQOXIKWOB-142,12,11472,LMFJSSEKFH-77,2,12930,DUUCQKNGKL-141,14,11039,YLRJFJNSTI-46,9,12762,RCNUDTSVYT-136,2,10060,DUUCQKNGKL-10,17,10657,UXEECVOZWA-23,9,12448,RCNUDTSVYT-122,16,11299,FVPEIBOEVZ-72,15,11793,FEJAEACGNK-151,9,11224,RCNUDTSVYT-46,8,12135,ZDNDMKMUUE-131,13,11791,GWQOXIKWOB-126,19,12321,FGQZNCPTAM-54,8,10792,ZDNDMKMUUE-35,11,12138,CAOERVMVED-234,15,10930,FEJAEACGNK-77,2,10056,DUUCQKNGKL-6,2,10062,DUUCQKNGKL-13,3,11688,FGBVIZYSUD-35,14,11948,YLRJFJNSTI-106,10,12632,XHGNTUJHDN-149,8,12161,ZDNDMKMUUE-134,12,12865,LMFJSSEKFH-172,11,10047,CAOERVMVED-31,3,10087,FGBVIZYSUD-4,9,12844,RCNUDTSVYT-142,16,10904,FVPEIBOEVZ-39,8,11509,ZDNDMKMUUE-92,17,12767,UXEECVOZWA-137,10,11240,XHGNTUJHDN-71,11,11985,CAOERVMVED-216,14,11508,YLRJFJNSTI-77,15,10071,FEJAEACGNK-2,10,11900,XHGNTUJHDN-106,18,10101,NVHWRTULAO-2,3,10732,FGBVIZYSUD-14,17,11572,UXEECVOZWA-70,14,11583,YLRJFJNSTI-82,6,12954,RYFBOSJVII-196,19,12659,FGQZNCPTAM-61,15,12819,FEJAEACGNK-229,10,12236,XHGNTUJHDN-128,17,10766,UXEECVOZWA-30,11,12268,CAOERVMVED-247
performance_customer_0_uhvcxnxsujnnheu,password,4,10635,GVILCIHTQQ-15,11,11202,CAOERVMVED-135,14,12438,YLRJFJNSTI-146,16,11187,FVPEIBOEVZ-61,10,11828,XHGNTUJHDN-103,2,10059,DUUCQKNGKL-9,8,12682,ZDNDMKMUUE-162,14,11743,YLRJFJNSTI-92,2,12610,DUUCQKNGKL-126,17,12476,UXEECVOZWA-115,19,11160,FGQZNCPTAM-27,11,10582,CAOERVMVED-73,11,10564,CAOERVMVED-71,11,10031,CAOERVMVED-15,16,11150,FVPEIBOEVZ-58,2,10064,DUUCQKNGKL-14,8,12038,ZDNDMKMUUE-125,10,11486,XHGNTUJHDN-84,11,11289,CAOERVMVED-142,11,10467,CAOERVMVED-61,11,10919,CAOERVMVED-111,2,12679,DUUCQKNGKL-128,2,10062,DUUCQKNGKL-13,2,10066,DUUCQKNGKL-16,13,11471,GWQOXIKWOB-104,17,10866,UXEECVOZWA-35,12,11012,LMFJSSEKFH-45,18,12112,NVHWRTULAO-131,11,10041,CAOERVMVED-25,18,11503,NVHWRTULAO-96,9,12798,RCNUDTSVYT-140,13,12924,GWQOXIKWOB-197,14,12387,YLRJFJNSTI-140,2,10060,DUUCQKNGKL-10,2,10053,DUUCQKNGKL-3,19,10089,FGQZNCPTAM-2,14,12880,YLRJFJNSTI-166,19,10091,FGQZNCPTAM-4,6,12749,RYFBOSJVII-183,14,11295,YLRJFJNSTI-64,11,10051,CAOERVMVED-35,11,10025,CAOERVMVED-9,9,12633,RCNUDTSVYT-128,2,10052,DUUCQKNGKL-2,3,12498,FGBVIZYSUD-56,5,10095,FLGIRIFDJK-4,2,12222,DUUCQKNGKL-116,8,11862,ZDNDMKMUUE-113,11,11888,CAOERVMVED-201,18,11321,NVHWRTULAO-77
performance_customer_0_uvardeqmgtztonv,password,16,11577,FVPEIBOEVZ-83,19,12810,FGQZNCPTAM-64,19,10092,FGQZNCPTAM-5,13,10532,GWQOXIKWOB-24,2,12883,DUUCQKNGKL-139,11,10758,CAOERVMVED-91,17,12503,UXEECVOZWA-120,8,11924,ZDNDMKMUUE-119,3,11335,FGBVIZYSUD-28,2,10065,DUUCQKNGKL-15,16,11089,FVPEIBOEVZ-52,11,10804,CAOERVMVED-96,2,10069,DUUCQKNGKL-19,15,11704,FEJAEACGNK-146,8,11518,ZDNDMKMUUE-93,15,10640,FEJAEACGNK-45,20,12769,AWS-81,8,12593,ZDNDMKMUUE-155,18,11898,NVHWRTULAO-120,16,11197,FVPEIBOEVZ-64,16,12427,FVPEIBOEVZ-153,10,10468,XHGNTUJHDN-13,16,12244,FVPEIBOEVZ-141,20,12638,AWS-71,15,12278,FEJAEACGNK-188,5,11839,FLGIRIFDJK-40,2,11403,DUUCQKNGKL-79,2,10054,DUUCQKNGKL-4,15,11939,FEJAEACGNK-166,5,12919,FLGIRIFDJK-70,10,11137,XHGNTUJHDN-62,15,11592,FEJAEACGNK-137,9,12196,RCNUDTSVYT-102,18,10898,NVHWRTULAO-42,9,11738,RCNUDTSVYT-78,8,10107,ZDNDMKMUUE-2,6,10864,RYFBOSJVII-40,5,11861,FLGIRIFDJK-41,15,10080,FEJAEACGNK-11,13,12144,GWQOXIKWOB-154,2,10053,DUUCQKNGKL-3,16,11641,FVPEIBOEVZ-89,6,12958,RYFBOSJVII-197,8,12315,ZDNDMKMUUE-143,11,11835,CAOERVMVED-193,9,11764,RCNUDTSVYT-81,12,12354,LMFJSSEKFH-142,18,12870,NVHWRTULAO-170,2,10924,DUUCQKNGKL-51,15,12393,FEJAEACGNK-196
performance_customer_0_uvspntrprqwcsrz,password,11,10036,CAOERVMVED-20,6,12885,RYFBOSJVII-190,15,10081,FEJAEACGNK-12,2,12773,DUUCQKNGKL-133,11,10037,CAOERVMVED-21,11,12909,CAOERVMVED-294,10,12191,XHGNTUJHDN-125,9,10975,RCNUDTSVYT-34,13,11427,GWQOXIKWOB-97,15,10777,FEJAEACGNK-61,15,11206,FEJAEACGNK-98,12,11057,LMFJSSEKFH-51,2,11269,DUUCQKNGKL-72,3,11837,FGBVIZYSUD-40,15,12454,FEJAEACGNK-203,4,11788,GVILCIHTQQ-41,13,11401,GWQOXIKWOB-93,20,12859,AWS-91,6,11624,RYFBOSJVII-100,11,12277,CAOERVMVED-249,19,10092,FGQZNCPTAM-5,15,11960,FEJAEACGNK-169,2,10834,DUUCQKNGKL-47,11,10811,CAOERVMVED-98,15,10079,FEJAEACGNK-9,15,10071,FEJAEACGNK-2,15,11233,FEJAEACGNK-103,2,12432,DUUCQKNGKL-122,5,11994,FLGIRIFDJK-44,15,10588,FEJAEACGNK-39,15,11741,FEJAEACGNK-147,15,12737,FEJAEACGNK-222,4,11564,GVILCIHTQQ-37,20,12929,AWS-96,15,10899,FEJAEACGNK-72,4,11259,GVILCIHTQQ-29,18,11393,NVHWRTULAO-85,2,11907,DUUCQKNGKL-100,15,12119,FEJAEACGNK-178,2,10053,DUUCQKNGKL-3,15,11068,FEJAEACGNK-89,2,10068,DUUCQKNGKL-18,13,12243,GWQOXIKWOB-163,15,12216,FEJAEACGNK-183,11,12287,CAOERVMVED-250,17,11881,UXEECVOZWA-90,8,11024,ZDNDMKMUUE-52,2,11967,DUUCQKNGKL-104,18,10101,NVHWRTULAO-2,6,12942,RYFBOSJVII-195
performance_customer_0_vnuavjgggldcevp,password,5,10095,FLGIRIFDJK-4,10,12944,XHGNTUJHDN-168,9,11709,RCNUDTSVYT-75,6,10371,RYFBOSJVII-9,19,12753,FGQZNCPTAM-63,6,10574,RYFBOSJVII-24,15,11366,FEJAEACGNK-114,10,12913,XHGNTUJHDN-166,2,11799,DUUCQKNGKL-97,16,11992,FVPEIBOEVZ-115,9,11071,RCNUDTSVYT-37,11,10031,CAOERVMVED-15,20,12933,AWS-97,8,10809,ZDNDMKMUUE-37,17,11683,UXEECVOZWA-77,11,11277,CAOERVMVED-140,10,12963,XHGNTUJHDN-170,19,11884,FGQZNCPTAM-45,16,11638,FVPEIBOEVZ-88,10,10795,XHGNTUJHDN-42,17,11266,UXEECVOZWA-51,16,11929,FVPEIBOEVZ-111,8,10358,ZDNDMKMUUE-10,11,12008,CAOERVMVED-220,14,11966,YLRJFJNSTI-107,20,12902,AWS-94,18,10787,NVHWRTULAO-32,17,11292,UXEECVOZWA-54,10,12018,XHGNTUJHDN-113,11,11993,CAOERVMVED-217,11,10036,CAOERVMVED-20,6,11363,RYFBOSJVII-84,2,12105,DUUCQKNGKL-109,18,11105,NVHWRTULAO-61,15,12422,FEJAEACGNK-200,16,10832,FVPEIBOEVZ-34,16,12743,FVPEIBOEVZ-168,15,11933,FEJAEACGNK-164,14,12444,YLRJFJNSTI-147,4,11079,GVILCIHTQQ-25,8,11008,ZDNDMKMUUE-51,13,12519,GWQOXIKWOB-178,17,11650,UXEECVOZWA-75,9,12205,RCNUDTSVYT-103,13,11672,GWQOXIKWOB-120,9,12371,RCNUDTSVYT-115,6,11833,RYFBOSJVII-115,18,10982,NVHWRTULAO-50,13,11895,GWQOXIKWOB-136,8,10821,ZDNDMKMUUE-39
performance_customer_0_xtaaquoypjmzzfc,password,6,11943,RYFBOSJVII-122,10,10841,XHGNTUJHDN-46,12,12502,LMFJSSEKFH-153,11,10051,CAOERVMVED-35,15,10073,FEJAEACGNK-4,11,10049,CAOERVMVED-33,10,11451,XHGNTUJHDN-80,12,10648,LMFJSSEKFH-26,6,11675,RYFBOSJVII-104,14,12509,YLRJFJNSTI-151,13,11436,GWQOXIKWOB-98,14,11659,YLRJFJNSTI-87,6,12215,RYFBOSJVII-144,2,12316,DUUCQKNGKL-120,14,12051,YLRJFJNSTI-114,14,11485,YLRJFJNSTI-76,6,11511,RYFBOSJVII-93,11,12296,CAOERVMVED-251,11,10024,CAOERVMVED-8,14,12242,YLRJFJNSTI-124,3,10739,FGBVIZYSUD-15,17,11794,UXEECVOZWA-84,3,10085,FGBVIZYSUD-2,2,10413,DUUCQKNGKL-28,16,11649,FVPEIBOEVZ-90,15,12644,FEJAEACGNK-215,11,11037,CAOERVMVED-122,15,10730,FEJAEACGNK-57,18,12825,NVHWRTULAO-168,13,12770,GWQOXIKWOB-190,14,12077,YLRJFJNSTI-116,8,11290,ZDNDMKMUUE-70,17,10722,UXEECVOZWA-28,18,10681,NVHWRTULAO-29,2,10068,DUUCQKNGKL-18,14,11768,YLRJFJNSTI-93,6,11375,RYFBOSJVII-86,3,10087,FGBVIZYSUD-4,14,12226,YLRJFJNSTI-123,2,10062,DUUCQKNGKL-13,16,10573,FVPEIBOEVZ-20,2,10602,DUUCQKNGKL-35,12,12017,LMFJSSEKFH-117,13,11327,GWQOXIKWOB-90,6,11596,RYFBOSJVII-97,2,11734,DUUCQKNGKL-92,15,12835,FEJAEACGNK-230,12,12300,LMFJSSEKFH-139,4,12660,GVILCIHTQQ-50,13,12637,GWQOXIKWOB-184
performance_customer_0_xxxickecjbrudll,password,2,10912,DUUCQKNGKL-50,9,11177,RCNUDTSVYT-45,8,10475,ZDNDMKMUUE-15,18,10101,NVHWRTULAO-2,2,12907,DUUCQKNGKL-140,14,12661,YLRJFJNSTI-156,11,11661,CAOERVMVED-175,2,12177,DUUCQKNGKL-112,16,10632,FVPEIBOEVZ-22,2,10064,DUUCQKNGKL-14,6,10610,RYFBOSJVII-27,12,11166,LMFJSSEKFH-56,8,12806,ZDNDMKMUUE-174,16,10369,FVPEIBOEVZ-7,5,11398,FLGIRIFDJK-28,2,10069,DUUCQKNGKL-19,6,12221,RYFBOSJVII-145,9,12388,RCNUDTSVYT-118,16,12889,FVPEIBOEVZ-174,2,10054,DUUCQKNGKL-4,9,12401,RCNUDTSVYT-120,10,12451,XHGNTUJHDN-140,4,11729,GVILCIHTQQ-39,10,11819,XHGNTUJHDN-102,11,11927,CAOERVMVED-206,11,12620,CAOERVMVED-273,2,10068,DUUCQKNGKL-18,9,11412,RCNUDTSVYT-55,17,11702,UXEECVOZWA-80,2,11328,DUUCQKNGKL-76,11,12459,CAOERVMVED-268,16,12247,FVPEIBOEVZ-142,14,11199,YLRJFJNSTI-55,15,10073,FEJAEACGNK-4,13,11739,GWQOXIKWOB-124,8,11236,ZDNDMKMUUE-67,13,11535,GWQOXIKWOB-110,6,12923,RYFBOSJVII-194,17,11360,UXEECVOZWA-57,12,11654,LMFJSSEKFH-94,12,11562,LMFJSSEKFH-86,5,10093,FLGIRIFDJK-2,17,11510,UXEECVOZWA-66,16,12128,FVPEIBOEVZ-128,8,10916,ZDNDMKMUUE-44,11,12619,CAOERVMVED-272,2,10065,DUUCQKNGKL-15,13,11621,GWQOXIKWOB-117,2,10052,DUUCQKNGKL-2,13,11210,GWQOXIKWOB-83
performance_customer_0_zforkrcosbnpxss,password,8,11873,ZDNDMKMUUE-115,2,10054,DUUCQKNGKL-4,15,12052,FEJAEACGNK-174,11,10048,CAOERVMVED-32,15,10080,FEJAEACGNK-11,15,10947,FEJAEACGNK-79,14,11679,YLRJFJNSTI-88,15,11424,FEJAEACGNK-121,18,11850,NVHWRTULAO-114,11,10019,CAOERVMVED-3,13,10544,GWQOXIKWOB-26,6,10828,RYFBOSJVII-39,16,10940,FVPEIBOEVZ-42,3,10085,FGBVIZYSUD-2,16,12801,FVPEIBOEVZ-171,16,12134,FVPEIBOEVZ-130,18,11284,NVHWRTULAO-74,10,12108,XHGNTUJHDN-118,9,11962,RCNUDTSVYT-91,8,10512,ZDNDMKMUUE-19,9,11257,RCNUDTSVYT-48,18,12246,NVHWRTULAO-137,15,10072,FEJAEACGNK-3,13,11731,GWQOXIKWOB-123,9,11824,RCNUDTSVYT-85,11,12195,CAOERVMVED-239,11,10026,CAOERVMVED-10,9,11422,RCNUDTSVYT-56,17,12811,UXEECVOZWA-141,3,11303,FGBVIZYSUD-27,15,10073,FEJAEACGNK-4,10,11164,XHGNTUJHDN-66,18,12748,NVHWRTULAO-165,18,12342,NVHWRTULAO-145,6,12015,RYFBOSJVII-127,16,11593,FVPEIBOEVZ-84,18,12956,NVHWRTULAO-176,11,12056,CAOERVMVED-225,18,12706,NVHWRTULAO-164,9,11705,RCNUDTSVYT-74,8,10520,ZDNDMKMUUE-21,11,10597,CAOERVMVED-75,11,12685,CAOERVMVED-279,6,12428,RYFBOSJVII-160,8,12098,ZDNDMKMUUE-129,14,11557,YLRJFJNSTI-79,11,11844,CAOERVMVED-196,14,11865,YLRJFJNSTI-100,9,12941,RCNUDTSVYT-147,16,12026,FVPEIBOEVZ-117
performance_customer_0_zobmqtqsseedcnt,password,20,12623,AWS-69,2,11244,DUUCQKNGKL-68,10,10630,XHGNTUJHDN-27,15,10078,FEJAEACGNK-10,13,11410,GWQOXIKWOB-95,15,10853,FEJAEACGNK-64,11,12021,CAOERVMVED-223,10,11417,XHGNTUJHDN-77,12,10887,LMFJSSEKFH-39,4,10479,GVILCIHTQQ-9,18,11466,NVHWRTULAO-89,12,12170,LMFJSSEKFH-128,12,11331,LMFJSSEKFH-68,12,11021,LMFJSSEKFH-48,11,11159,CAOERVMVED-132,19,11972,FGQZNCPTAM-47,2,10053,DUUCQKNGKL-3,6,12488,RYFBOSJVII-164,2,10061,DUUCQKNGKL-11,11,11444,CAOERVMVED-153,15,12899,FEJAEACGNK-236,11,10051,CAOERVMVED-35,18,11229,NVHWRTULAO-72,6,12746,RYFBOSJVII-182,14,10569,YLRJFJNSTI-16,16,11047,FVPEIBOEVZ-49,19,10596,FGQZNCPTAM-11,6,10604,RYFBOSJVII-26,9,12032,RCNUDTSVYT-95,9,11539,RCNUDTSVYT-62,17,12085,UXEECVOZWA-97,6,10984,RYFBOSJVII-52,10,11480,XHGNTUJHDN-83,10,11961,XHGNTUJHDN-109,2,11165,DUUCQKNGKL-64,6,10704,RYFBOSJVII-33,13,11218,GWQOXIKWOB-84,9,12122,RCNUDTSVYT-99,11,11614,CAOERVMVED-168,8,11148,ZDNDMKMUUE-63,14,11383,YLRJFJNSTI-69,9,12318,RCNUDTSVYT-109,12,11428,LMFJSSEKFH-74,11,11272,CAOERVMVED-139,2,10727,DUUCQKNGKL-41,17,11834,UXEECVOZWA-88,11,11069,CAOERVMVED-125,6,12360,RYFBOSJVII-152,15,11294,FEJAEACGNK-107,13,10099,GWQOXIKWOB-2
